{
  "id": 227615,
  "resource_state": 3,
  "firstname": "John",
  "lastname": "Applestrava",
  "profile_medium": "http://pics.com/227615/medium.jpg",
  "profile": "http://pics.com/227615/large.jpg",
  "city": "San Francisco",
  "state": "California",
  "country": "United States",
  "sex": "M",
  "friend": null,
  "follower": null,
  "premium": true,
  "created_at": "2008-01-01T17:44:00Z",
  "updated_at": "2013-09-04T20:00:50Z",
  "follower_count": 273,
  "friend_count": 19,
  "mutual_friend_count": 0,
  "date_preference": "%m/%d/%Y",
  "measurement_preference": "feet",
  "email": "john@applestrava.com",
  "ftp": 280,
  "weight": 68.7,
  "clubs": [
    {